Article Date,Article Title,Organization,City,State,URL,Keywords,Summary
2/13/17 9:01,Pizza Hut driver who killed co-worker with shotgun found mentally competent,LGBTQ Nation,Phoenix,AZ,http://www.lgbtqnation.com/2017/02/man-accused-killing-co-worker-hate-crime-stands-trial/,,
2/13/17 9:37,Residents of NJ township receiving KKK promotional fliers,New York Daily News,,,http://www.nydailynews.com/news/national/residents-nj-township-receiving-kkk-promotional-fliers-article-1.2971317,,
2/13/17 15:37,House OKs bill to expand Kentucky's hate crimes law,FOX19,Cincinnati,OH,http://www.fox19.com/story/34494432/house-oks-bill-to-expand-kentuckys-hate-crimes-law,,
2/13/17 16:56,"Amid Protests, 'Blue Lives Matter' Bill Passes Kentucky House",89.3 WFPL,Louisville,KY,http://wfpl.org/amid-protests-blue-lives-matter-bill-passes-state-house/,,
2/13/17 18:37,Lafourche inmates charged with hate crimes in jail attack,Daily Comet,Thibodaux,LA,http://www.dailycomet.com/news/20170213/lafourche-inmates-charged-with-hate-crimes-in-jail-attack,,
2/14/17 11:55,Police: Davis hate crime suspect had 'aspirations' to kill,Davis Enterprise,Davis,CA,http://www.davisenterprise.com/local-news/crime-fire-courts/arrest-made-in-davis-mosque-vandalism/,,
2/14/17 13:45,"Fowler's 'Blue Lives Matter' bill is great tribute to our protectors, but...",Harrisburg Daily Register,Harrisburg,IL,http://www.dailyregister.com/news/20170214/fowlers-blue-lives-matter-bill-is-great-tribute-to-our-protectors-but,,
2/14/17 16:11,Arrest made after bacon strips left at California mosque,GoDanRiver.com,Danville,VA,http://www.godanriver.com/news/national/wire/arrest-made-after-bacon-strips-left-at-california-mosque/article_328bd862-8ba1-5277-91ad-8a9332604cd8.html,,
2/14/17 16:11,Arrest made after bacon strips left at California mosque - KSBY.com | San Luis Obispo and Santa Barbara Area News,KSBY San Luis Obispo News,San Luis Obispo,CA,http://www.ksby.com/story/34505277/arrest-made-after-bacon-strips-left-at-california-mosque,,
2/14/17 18:15,Report: San Diego violent crime rates lowest in decades,San Diego Gay & Lesbian News,San Diego,CA,http://sdgln.com/commentary/2017/02/14/report-san-diego-violent-crime-rates-lowest-decades,,
2/14/17 21:04,Blue Lives Matter Bills Would Make Targeting First Responders a Hate Crime,MyStateline.com,Rockford,IL,http://www.mystateline.com/news/blue-lives-matter-bills-would-make-targeting-first-responders-a-hate-crime/656154788,,
2/15/17 4:00,Reports Of 'Hate Crime' Are Exaggerated By Those Who Oppose Brexit,Heat Street,,,http://heatst.com/life/reports-of-hate-crime-are-exaggerated-by-those-who-oppose-brexit/,,
2/15/17 7:00,New bias crime dashboard shows increase in reports of Seattle hate violence,CHS Capitol Hill Seattle,Seattle,WA,http://www.capitolhillseattle.com/2017/02/new-bias-crime-dashboard/,,
2/15/17 10:26,Tulsa man charged in neighbor's killing to plead insanity,SFGate,San Francisco,CA,http://www.sfgate.com/news/crime/article/Tulsa-man-charged-in-neighbor-s-killing-to-plead-10934830.php,,
2/15/17 11:07,SPLC says number of anti-Muslim hate groups on the rise,Joplin Globe,Joplin,MO,http://www.joplinglobe.com/region/splc-says-number-of-anti-muslim-hate-groups-on-the/article_0e4cc7dc-cf41-5091-b5ac-b9c7a6f38e71.html,,
2/15/17 11:07,Watchdog: Number of anti-Muslim hate groups on the rise,Fairfield Citizen,Fairfield,Connecticut,http://www.fairfieldcitizenonline.com/news/crime/article/Watchdog-Number-of-anti-Muslim-hate-groups-on-10936714.php,,
2/15/17 13:00,Police investigate anti-Muslim flier at Louisiana mosque,Greensboro News & Record,Greensboro,NC,http://www.greensboro.com/ap/us_world/police-investigate-anti-muslim-flier-at-louisiana-mosque/article_ba2926cc-ab13-5b08-b5d0-4b321f85a011.html,,
2/15/17 13:10,Details Paint a Grim Picture in the Hate Crime Case,The Peopleду»s Vanguard of Davis,,,http://www.davisvanguard.org/2017/02/details-paint-grim-picture-hate-crime-case/,,
2/15/17 13:41,Woman Facing Hate Crime Charges In Attack On Davis Mosque,CBS Local,New York,New York,http://sanfrancisco.cbslocal.com/2017/02/15/davis-mosque-hate-crime-arrest-lauren-kirk-coehlo/,,
2/15/17 23:31,Authorities: Davis Mosque Vandalism Suspect 'Immediate Danger' to Public,FOX40,Sacramento,CA,http://fox40.com/2017/02/15/authorities-davis-mosque-vandalism-suspect-immediate-danger-to-public/,,
2/16/17 13:03,FBI Investigating Hate Crime at UMW,Fredericksburg Today,,,https://fredericksburg.today/fbi-investigating-hate-crime-at-umw,,
2/17/17 7:18,Teach NYS Calls for Increased Security Funding in Wake of Rising Hate Crimes,Yeshiva World News,New York,NY,http://www.theyeshivaworld.com/news/headlines-breaking-stories/527235/teach-nys-calls-for-increased-security-funding-in-wake-of-rising-hate-crimes.html,,
2/17/17 13:22,Senate amendment would add LGBT to state hate crime law,City Pulse,Lansing,MI,http://lansingcitypulse.com/article-permalink-14403.html,,
2/17/17 14:41,Hate Crime Suspect Arrested After Vandalizing a Mosque With Bacon,The Daily Meal,New York,NY,http://www.thedailymeal.com/news/eat/hate-crime-suspect-arrested-after-vandalizing-mosque-bacon/021717,,
2/17/17 15:55,First-Ever Tracker Of Hate Crimes Against Asian-Americans Launched,WCAI,Woods Hole,MA,http://capeandislands.org/post/first-ever-tracker-hate-crimes-against-asian-americans-launched,,
2/18/17 6:01,Why Does the Number of US Hate Groups Keep Growing?,Care2.com,Redwood City,CA,http://www.care2.com/causes/why-does-the-number-of-us-hate-groups-keep-growing.html,,
2/19/17 11:07,Canadian Anti-Muslim Protesters Could Face Hate Crime Charges,Daily Caller,Washington,DC,http://dailycaller.com/2017/02/19/canadian-anti-muslim-protesters-could-face-hate-crime-charges/,,
2/20/17 9:16,Documents show physical evidence behind hate crime hoax arrest,Beloit College Round Table,,,http://beloitcollegeroundtable.com/2017/02/20/documents-show-physical-evidence-behind-hate-crime-hoax-arrest/,,
2/20/17 17:07,Vandals damage dozens of headstones at historic Jewish cemetery,myfox8.com,Greensboro,NC,http://myfox8.com/2017/02/21/vandals-damage-dozens-of-headstones-at-historic-jewish-cemetery/,,
2/21/17 12:37,"Vandals damage 100 headstones at Jewish cemetery, police say",Dallasweekly,,,http://www.dallasweekly.com/news/national/article_327b4080-f88d-11e6-901e-af169f6e263b.html,,
2/21/17 13:22,Muslims Are Standing Up For The Jewish Community After Bomb Threats,Huffington Post,New York,NY,http://www.huffingtonpost.com/entry/muslims-jewish-bomb-threats_us_58ac8cc7e4b0e784faa21c40,,
2/21/17 14:18,"Evidence of rising anti-Semitism, but data mostly elusive",The Olympian,Olympia,Washington,http://www.theolympian.com/news/politics-government/national-politics/article134101964.html,,
2/21/17 15:26,9 Investigates why hate crimes aren't being reported to feds,WFTV Orlando,Orlando,FL,http://www.wftv.com/news/9-investigates/9-investigates-why-hate-crimes-arent-being-reported-to-feds/496034469,,
2/21/17 15:50,Police still searching for leads in cemetery vandalism investigation,kplr11.com,St. Louis,MO,http://kplr11.com/2017/02/21/police-still-searching-for-leads-in-cemetery-vandalism-investigation/,,
2/21/17 16:33,Couple Refuses To Remove Racial Slur Graffiti From Home,Opposing Views,Los Angeles,CA,http://www.opposingviews.com/i/society/couple-was-distraught-when-they-discovered-racial-slur-their-garage-door-they-are-refusing,,
2/21/17 17:28,The media ignores anti-Semitism unless it's a tool to target President Trump,Conservative Review,,,https://www.conservativereview.com/commentary/2017/02/the-media-ignores-anti-semitism-unless-it-is-a-tool-to-target-president-trump,,
2/22/17 5:08,2 men sentenced for hate crime attack against Somalis,The Herald,Rock Hill,SC,http://www.heraldonline.com/news/politics-government/national-politics/article134200949.html,,
2/22/17 7:45,Two men face sentencing for Kansas hate crime attack,KWCH,Wichita,KS,http://www.kwch.com/content/news/Two-men-face-sentencing-for-Kansas-hate-crime-attack-414508163.html,,
2/22/17 8:05,2 men face sentencing for Kansas hate crime attack,Washington Post,Washington,DC,https://www.washingtonpost.com/national/2-men-face-sentencing-for-kansas-hate-crime-attack/2017/02/22/95bbcef0-f917-11e6-aa1e-5f735ee31334_story.html,,
2/22/17 8:41,"Bills addressing profiling, hate crimes pushed by Democrats",Lexington Herald Leader,Lexington,KY,http://www.kentucky.com/news/politics-government/national-politics/article134237024.html,,
2/22/17 9:01,"Bills addressing profiling, hate crimes pushed by NC Democrats",13newsnow.com,Norfolk,Virginia,http://www.13newsnow.com/news/local/bills-addressing-profiling-hate-crimes-pushed-by-nc-democrats/412247076,,
2/22/17 14:49,"Man spits on baby, tells baby's mother 'white people shouldn't breed'",KMTV,,,http://www.kmtv.com/news/national/uk-man-spits-on-baby-tells-babys-mother-white-people-shouldnt-breed,,
2/23/17 1:00,What's Behind the Rash of Anti-Semitic Incidents?,National Review,New York,NY,http://www.nationalreview.com/article/445170/anti-semitic-incidents-united-states-hate-crimes-religion-donald-trump-alt-right-gaza-war,,
2/23/17 1:33,"Stand with Muslim, Jewish groups facing hate crimes",The Daily Herald,Everett,WA,http://www.heraldnet.com/opinion/stand-with-muslim-jewish-groups-facing-hate-crimes/,,
2/23/17 4:22,"Black man awarded $750,000 for Daimler Trucks incidents",Argus Press,Owosso,MI,http://www.argus-press.com/news/state_news/article_e6e90df3-dc8c-572f-934e-3925b7dff9a5.html,,
2/23/17 5:07,Inmate set to plead guilty for hate crime,Butler Eagle,Butler,PA,http://www.butlereagle.com/article/20170223/NEWS02/702239917/-1/news,,
2/23/17 5:19,"Man admits hate crime in rail station attack, gets 3 years",Merced Sun-Star,Merced,CA,http://www.mercedsunstar.com/entertainment/article134443759.html,,
2/23/17 5:28,Some witnesses say Kansas shooting was racially motivated,SFGate,San Francisco,CA,http://www.sfgate.com/news/crime/article/Man-arrested-in-Missouri-after-1-killed-2-10953508.php,,
2/23/17 5:41,Helios and Matheson Analytics and Zone Technologies Launch First Real Time Hate Crime Mapping on RedZone Map,Broadway World,New York,NY,http://www.broadwayworld.com/bwwgeeks/article/Helios-and-Matheson-Analytics-and-Zone-Technologies-Launch-First-Real-Time-Hate-Crime-Mapping-on-RedZone-Map-20170223,,
2/23/17 7:22,First-degree murder charge filed in possible hate crime shooting at Olathe's Austins bar,Kansas City Star,Kansas City,MO,http://www.kansascity.com/news/local/crime/article134459444.html,,
2/23/17 8:14,Man Pleads Guilty To Hate Crime Charge In Beating Of Black Man At T Station,CBS Local,New York,New York,http://pittsburgh.cbslocal.com/2017/02/23/ryan-kyle-hate-crime-charge/,,
2/23/17 8:57,Interfaith Coalition Urges: If You See Something Do Something - At Fort Harrison Luncheon,Yahoo Finance,New York,NY,http://finance.yahoo.com/news/interfaith-coalition-urges-see-something-165404546.html,,
2/23/17 10:28,Baldwin man to serve no additional prison time for hate crime beating after Chesney concert,Tribune-Review,Pittsburgh,PA,http://triblive.com/local/allegheny/11980315-74/kyle-beating-lockett,,
2/23/17 11:45,Some witnesses say Kansas shooting was racially motivated - Northern Michigan's News Leader,9&10 News,Cadillac,MI,http://www.9and10news.com/story/34586176/some-witnesses-say-kansas-shooting-was-racially-motivated,,
2/23/17 12:38,Witnesses: Bar gunman shouted 'get out of my country' before shooting 2 Indians at Kansas bar,Allentown Morning Call,Allentown,PA,http://www.mcall.com/news/nationworld/ct-kansas-bar-shooting-20170223-story.html,,
2/23/17 14:30,Administration Urged to Press El Salvador on Protection of Transgender Citizens,Human Rights First,New York,NY,http://www.humanrightsfirst.org/press-release/administration-urged-press-el-salvador-protection-transgender-citizens,,
2/23/17 14:52,Increase in anti-Semitic incidents troubling,Allentown Morning Call,Allentown,PA,http://www.mcall.com/opinion/letters/mc-wall-gillikin-hate-crimes-jews-increase-20170223-story.html,,
2/23/17 15:26,"Cuomo: NY will fight hate crimes, help with school security",WNYT,Albany,NY,http://wnyt.com/politics/cuomo-ny-will-fight-hate-crimes-help-with-school-security/4408709/,,
2/23/17 17:07,College production details reactions to campus hate crime,Carroll County Times,Westminster,MD,http://www.carrollcountytimes.com/news/education/ph-cc-farm-theater-project-20170223-story.html,,
2/23/17 17:07,Police: 'No evidence' Somali native's beating was hate crime,LancasterOnline,Lancaster,PA,http://lancasteronline.com/news/pennsylvania/police-no-evidence-somali-native-s-beating-was-hate-crime/article_80ed1455-8614-5067-961c-7cfb2d41f71f.html,,
2/23/17 19:07,"A Deadly Shooting in A Kansas Bar May Have Been Racially Motivated, Witnesses Say",Yahoo News,Altadena,California,https://www.yahoo.com/news/deadly-shooting-kansas-bar-may-030328500.html,,
2/23/17 19:45,"Police, federal investigators look at hate crime motive in Olath - KMOV.com",KMOV.com,St. Louis,MO,http://www.kmov.com/story/34591081/police-federal-investigators-look-at-hate-crime-motive-in-olathe-restaurant-shooting,,
2/23/17 22:00,Kansas police investigate if deadly bar shooting a hate crime,Las Vegas Review-Journal,Las Vegas,NV,http://www.reviewjournal.com/news/nation-and-world/kansas-police-investigate-if-deadly-bar-shooting-hate-crime,,
2/23/17 23:37,Kansas man charged with killing Indian in possible hate crime,StreetInsider.com,Birmingham,MI,http://www.streetinsider.com/Reuters/Kansas+man+charged+with+killing+Indian+in+possible+hate+crime/12588500.html,,
2/24/17 0:48,"He yelled 'Get out of my country,' witnesses say, and then shot 2 men from India, killing one",The Journal,,,http://www.the-journal.com/article/20170224/AP/302249908/He-yelled-'Get-out-of-my-country'-witnesses-say-and-then-shot-2-men-from-India-killing-one,,
2/24/17 0:51,Kansas shooting: FBI investigating after Indian man killed,WCTI12.com,New Bern,NC,http://www.wcti12.com/news/national/fbi-investigating-kansas-bar-shooting/356584861,,
2/24/17 0:58,Kansas shooting: Widow of Indian man calls for action on hate crimes,MyStateline.com,Rockford,IL,http://www.mystateline.com/news/fbi-investigating-kansas-bar-shooting/662312324,,
2/24/17 1:04,Srinivas Kuchibhotla: US murder possible hate crime,Al Jazeera America,New York,NY,http://www.aljazeera.com/news/2017/02/kansas-city-shooting-investigated-hate-crime-170224063319878.html,,
2/24/17 1:45,FBI Investigates Fatal Shooting as Hate Crime,Abccolumbia.com,Columbia,South Carolina,http://www.abccolumbia.com/2017/02/24/fbi-investigates-fatal-shooting-hate-crime/,,
2/24/17 1:45,Witnesses say deadly Kansas shooting was racially motivated,NewsWest9.com,Midland,TX,http://www.newswest9.com/story/34592400/witnesses-say-deadly-kansas-shooting-was-racially-motivated,,
2/24/17 1:45,Witnesses: Man used slurs before shooting 2 Indians at bar,The Edinburg Review,,,http://www.edinburgreview.com/news/20170224/witnesses-man-used-slurs-before-shooting-2-indians-at-bar,,
2/24/17 1:49,Hate Crime Is Feared as 2 Indian Engineers Are Shot in Kansas,International New York Times,New York,NY,https://www.nytimes.com/2017/02/24/world/asia/kansas-attack-possible-hate-crime-srinivas-kuchibhotla.html,,
2/24/17 1:55,Witnesses: Bar gunman shouted 'get out of my country' - Northern Michigan's News Leader,9&10 News,Cadillac,MI,http://www.9and10news.com/story/34592399/witnesses-bar-gunman-shouted-get-out-of-my-country,,
2/24/17 1:59,Indian man killed in possibly racial shooting at Kansas bar,KCBD-TV,Lubbock,TX,http://www.kcbd.com/story/34592400/indian-man-killed-in-possibly-racial-shooting-at-kansas-bar,,
2/24/17 2:05,Indian man killed in possibly racial shooting at Kansas bar - KOAA.com | Continuous News | Colorado Springs and Pueblo,KOAA.com Colorado Springs and Pueblo News,Colorado Springs,Colorado,http://www.koaa.com/story/34592399/indian-man-killed-in-possibly-racial-shooting-at-kansas-bar,,
2/24/17 2:06,Indian man killed in hate crime in US bar,Yahoo News,Altadena,California,https://in.news.yahoo.com/indian-man-killed-hate-crime-us-bar-100403408.html,,
2/24/17 2:18,Shooting of 2 Indians in Kansas probed as hate crime,Raw Story,Cambridge,MA,http://www.rawstory.com/2017/02/shooting-of-2-indians-in-kansas-probed-as-hate-crime/,,
2/24/17 3:15,Get Out of US': Indian Engineer Killed in Kansas; FBI Joins Probe,Yahoo News,Altadena,California,https://in.news.yahoo.com/us-indian-engineer-killed-kansas-025244252.html,,
2/24/17 4:35,Judge Grants One-Day Delay in Hate Crime Bail Hearing,The Peopleду»s Vanguard of Davis,,,http://www.davisvanguard.org/2017/02/judge-grants-one-day-delay-hate-crime-bail-hearing/,,
2/24/17 4:58,Latest: Church went into lockdown after Kansas bar shooting,Laredo Morning Times,Laredo,TX,http://www.lmtonline.com/news/crime/article/The-Latest-Kansas-bar-vows-to-help-after-deadly-10956370.php,,
2/24/17 5:52,Authorities investigating whether Kansas triple shooting that killed one was a hate crime,WBAL Radio,Baltimore,MD,http://www.wbal.com/article/222436/109/authorities-investigating-whether-kansas-triple-shooting-that-killed-one-was-a-hate-crime,,
2/24/17 6:07,The Latest: Doctor says 1 shooting victim doing 'fairly well,Winona Daily News,Winona,MN,http://www.winonadailynews.com/news/national/the-latest-kansas-bar-shooting-survivor-leaves-hospital/article_ff9a12b7-59a8-5c3c-b20b-23fbac83a894.html,,
2/24/17 6:12,College: Feces swastika found in gender-neutral bathroom,The Missoulian,Missoula,MT,http://missoulian.com/news/national/college-feces-swastika-found-in-gender-neutral-bathroom/article_9a43e4b0-e4bc-5b34-baed-df7fa3556b13.html,,
2/24/17 6:26,FBI Investigating Deadly Bar Shootings of Indians as Possible Hate Crime,ticklethewire.com,Washington D.C.,,http://ticklethewire.com/2017/02/24/fbi-investigating-deadly-bar-shootings-indians-possible-hate-crime/,,
2/24/17 7:00,Jesus statue decapitated. Congregation wants head back.,Charlotte Observer,Charlotte,NC,http://www.charlotteobserver.com/living/religion/article134707389.html,,
2/24/17 7:11,The new weapon against hate crime,KTXS,Abilene,TX,http://www.ktxs.com/news/national/the-new-weapon-against-hate-crime/357308557,,
2/24/17 8:07,Indian engineer shot dead in possible hate crime at Kansas City bar,Bemidji Pioneer,Bemidji,MN,http://www.bemidjipioneer.com/news/4224223-indian-engineer-shot-dead-possible-hate-crime-kansas-city-bar,,
2/24/17 8:11,Kansas man charged with killing Indian engineer in possible hate crime,WDAZ,Grand Forks,ND,http://www.wdaz.com/news/4224223-kansas-man-charged-killing-indian-engineer-possible-hate-crime,,
2/24/17 8:55,"I appeal to all the parents in India not to send their children' to the US, distraught father says after shooting",Washington Post,Washington,DC,https://www.washingtonpost.com/news/worldviews/wp/2017/02/24/i-appeal-to-all-the-parents-in-india-not-to-send-their-children-to-the-united-states-distraught-father-says-after-shooting/,,
2/24/17 9:03,Distraught Indian father warns warns parents against sending children to US after shooting,Albuquerque Journal,Albuquerque,NM,https://www.abqjournal.com/956724/distraught-indian-father-warns-warns-parents-against-sending-children-to-u-s-after-shooting.html,,
2/24/17 9:15,Witnesses say fatal bar shooting seemed racially motivated,KRGV,Weslaco,TX,http://www.krgv.com/story/34592399/witnesses-say-fatal-bar-shooting-seemed-racially-motivated,,
2/24/17 9:37,Witnesses: Bar gunman shouted 'get out of my country',Beckley Register-Herald,Beckley,WV,http://www.register-herald.com/region/witnesses-say-fatal-bar-shooting-seemed-racially-motivated/article_a3015b40-5f3a-55f8-b953-244d07c5dc30.html,,
2/24/17 10:00,Fire at Florida mosque being investigated as arson,KGO-TV,San Francisco,CA,http://abc7news.com/news/fire-at-florida-mosque-being-investigated-as-arson/1771157/,,
2/24/17 11:30,Family of man killed in possible hate crime shooting speaks out,Kittson County Enterprise,Hallock,MN,http://www.kittsonarea.com/syndicated_post/family-of-man-killed-in-possible-hate-crime-shooting-speaks-out/,,
2/24/17 13:02,"Indian Engineer shot dead in US, Shooter yells 'get out of my Country'",http://www.newsgram.com/,,,http://www.newsgram.com/indian-engineer-shot-dead-in-us-shooter-yells-get-out-of-my-country/,,
2/24/17 14:05,Suspect In Kansas Shooting Faces Possible Hate Crime Charges,WBAA,West Lafayette,Indiana,http://wbaa.org/post/suspect-kansas-shooting-faces-possible-hate-crime-charges,,
2/24/17 15:15,Feds Probe Kansas Shooting As Possible Hate Crime,Newsy,Columbia,MS,http://www.newsy.com/stories/fbi-investigates-possible-hate-crime-shooting-in-olathe-ks/,,
2/24/17 16:11,Kansas shooting raises safety concerns for foreigners in US: 'Do we belong here?',The Guardian,,,https://www.theguardian.com/us-news/2017/feb/24/kansas-bar-shooting-indian-hate-crime,,
2/24/17 16:11,"Idaho locker room attacker gets probation after judge calls the case ""bullying.""",6 On Your Side,Boise,ID,http://www.kivitv.com/news/national/idaho-locker-room-attacker-gets-probation-after-judge-calls-the-case-bullying,,
2/24/17 21:37,Cuomo unveils hate crime text line,Catskill Daily Mail,Catskill,NY,http://www.thedailymail.net/news/article_7312cf1e-fb12-11e6-834c-4bd32d25a105.html,,
2/25/17 6:48,Victim says alleged shooter at Kansas City area bar asked about visas,KSPR,Springfield,MO,http://www.kspr.com/content/news/414781183.html,,
2/25/17 8:29,Investigators Are Looking Into The Shooting Death Of An Indian Man In Kansas As A Hate Crime,UPROXX,Nashville,Tennessee,http://uproxx.com/news/kansas-shooting-investigated-as-hate-crime/,,
2/25/17 8:40,Krishnamoorthi condemns hate crime shooting in Kansas,St. Paul Asian American Press,St. Paul,MN,http://aapress.com/government/krishnamoorthi-condemns-hate-crime-shooting-in-kansas/,,
2/25/17 11:52,The Latest: Kansas bar reopens 3 days after deadly shooting,WBKO,Bowling Green,KY,http://www.wbko.com/content/news/The-Latest-Kansas-bar-reopens-3-days-after-deadly-shooting-414788843.html,,
2/25/17 12:06,Latest: Donations top $1M for Kansas bar attack victims,Grand Island Independent,Grand Island,NE,http://www.theindependent.com/news/national/the-latest-kansas-bar-reopens-days-after-deadly-shooting/article_a45e6018-16cb-59f7-ab80-2d8ab0956d5e.html,,
2/25/17 12:48,"Neighbor: Bar attack suspect a 'drunken mess,' not political",Greensboro News & Record,Greensboro,NC,http://www.greensboro.com/ap/us_world/neighbor-bar-attack-suspect-a-drunken-mess-not-political/article_a625cc8b-8c1d-5f66-896a-7fcbaecc7ef1.html,,
2/25/17 13:03,"Neighbor: Bar attack suspect a 'drunken mess,' not political - KSBY.com | San Luis Obispo and Santa Barbara Area News",KSBY San Luis Obispo News,San Luis Obispo,CA,http://www.ksby.com/story/34602913/neighbor-bar-attack-suspect-a-drunken-mess-not-political,,
2/25/17 13:08,"Neighbor: Bar attack suspect a 'drunken mess,' not political - KATC.com | Continuous News Coverage | Acadiana-Lafayette",KATC Lafayette News,Lafayette,LA,http://www.katc.com/story/34602913/neighbor-bar-attack-suspect-a-drunken-mess-not-political,,
2/25/17 13:45,"Neighbor: Bar attack suspect a 'drunken mess,' not political - WBOC-TV 16, Delmarvas News Leader, FOX 21 -",WBOC TV 16,Salisbury,MD,http://www.wboc.com/story/34606645/neighbor-bar-attack-suspect-a-drunken-mess-not-political,,
2/25/17 14:07,"Neighbor: Kansas bar attack suspect a 'drunken mess,' not political",WBAL Baltimore,Baltimore,MD,http://www.wbaltv.com/article/neighbor-bar-attack-suspect-a-drunken-mess-not-political/8980418,,
2/26/17 18:01,Are Germany's Hate Crimes A Preview Of What Climate Change Could Bring?,Huffington Post,New York,NY,http://www.huffingtonpost.com/entry/germany-hate-crimes-a-preview-of-what-climate-change_us_58b3708fe4b0658fc20f9744,,
2/26/17 23:22,Kansas bar shooting: GoFundMe campaign crosses $1 million,The American Bazaar,Washington,DC,https://www.americanbazaaronline.com/2017/02/27/kansas-bar-shooting-gofundme-campaign-crosses-1-million/,,
2/27/17 1:19,"Deadly Kansas shooting: A senseless crime and a friend lost - KRTV.com | Great Falls, Montana",KRTV Great Falls News,Great Falls,MT,http://www.krtv.com/story/34610864/deadly-kansas-shooting-a-senseless-crime-and-a-friend-lost,,
2/27/17 6:03,"Va. man charged with hate crime after using Muslim slurs, biting victim's face, police say",Washington Post,Washington,DC,https://www.washingtonpost.com/local/public-safety/va-man-charged-with-hate-crime-after-using-muslim-slurs-biting-victims-face-police-say/2017/02/27/8524182a-c819-4c4a-8131-7f93766eeb5e_story.html,,
2/27/17 6:16,Germany sees думalarmingly highдуќ number of anti-migrant crimes,The Republic,Columbus,IN,http://www.therepublic.com/2017/02/27/eu-germany-migrants-hate-crimes/,,
2/27/17 7:08,The Latest: Suspect in bar attack wears jail 'safety smock',The Herald,Rock Hill,SC,http://www.heraldonline.com/news/nation-world/national/article135204329.html,,
2/27/17 7:14,911 Call: Alleged Bar Shooter Said He'd Killed 'Iranians',NBC4 Washington,Washington,DC,http://www.nbcwashington.com/news/national-international/Deadly-Kansas-Bar-Shooting-Vigil-Hearing-414869553.html?akmobile=o,,
2/27/17 9:48,Germany: Thousands of migrants targeted in attacks last year,Binghamton Homepage,Binghamton,New York,http://www.binghamtonhomepage.com/news/world-news/germany-thousands-of-migrants-targeted-in-attacks-last-year/663582783,,
2/27/17 10:00,"Germany: Thousands of migrants targeted in attacks last year - KTVQ.com | Q2 | Continuous News Coverage | Billings, MT",KTVQ Billings News,Billings,MT,http://www.ktvq.com/story/34615080/germany-thousands-of-migrants-targeted-in-attacks-last-year,,
2/27/17 10:21,"Clinton: Trump must speak out against hate crimes, threats",The Hill,Washington,DC,http://thehill.com/blogs/blog-briefing-room/news/321356-clinton-trump-must-speak-out-against-hate-crimes-threats,,
2/27/17 10:45,"Los Angeles area church graffiti investigated as hate crime - KTVN Channel 2 - Reno Tahoe Sparks News, Weather, Video",KTVN,Reno,NV,http://www.ktvn.com/story/34615547/los-angeles-area-church-graffiti-investigated-as-hate-crime,,
2/27/17 14:04,"In India, People React To Killing Of IT Worker In Apparent Hate Crime",WEMU,Ypsilanti,MI,http://wemu.org/post/india-people-react-killing-it-worker-apparent-hate-crime,,
2/27/17 14:41,K-State leader encourages support of international students,Topeka Capital Journal,Topeka,KS,http://cjonline.com/news/local/2017-02-27/k-state-leader-encourages-support-international-students,,
2/27/17 15:03,Woman found fatally shot in Prince George's County,Washington Post,Washington,DC,https://www.washingtonpost.com/local/woman-found-fatally-shot-in-prince-georges-county/2017/02/27/ee113880-fd34-11e6-99b4-9e613afeb09f_story.html,,
2/27/17 15:37,Indiana hate crime bill dies in the Legislature - again,Miami Herald,Miami,FL,http://www.miamiherald.com/news/politics-government/national-politics/article135330294.html,,
2/27/17 15:37,Indiana hate crime bill dies in the Legislature дус again,Brown County Democrat,,,http://www.bcdemocrat.com/2017/02/27/in-xgr-hate-crimes-2/,,
2/27/17 16:41,"FBI investigates Jewish cemetery vandalism in Philly - KRTV.com | Great Falls, Montana",KRTV Great Falls News,Great Falls,MT,http://www.krtv.com/story/34618737/fbi-investigates-jewish-cemetery-vandalism-in-philly,,
2/27/17 19:33,Hate Crimes Bill Dies On Senate Floor Without Vote,Northeast Indiana Public Radio,,,http://wboi.org/post/hate-crimes-bill-dies-senate-floor-without-vote,,
2/27/17 19:45,"Georgia Pair, Who Led Racist Attack At Birthday Party, Gets Combined 35-Year Sentence",News One,New York,NY,https://newsone.com/3682225/georgia-pair-who-led-racist-attack-at-birthday-party-gets-combined-35-year-sentence/,,
2/28/17 5:49,St. Louis suburb victimized by cemetery vandalism mulling hate crimes registry,Jewish Telegraphic Agency,New York,NY,http://www.jta.org/2017/02/28/news-opinion/united-states/st-louis-suburb-victimized-by-cemetery-vandalism-mulling-hate-crimes-registry,,
2/28/17 6:26,St. Louis Vandalized Cemetery Town Mulls Anti-Hate-Crime Resolution,Forward,New York,NY,http://forward.com/fast-forward/364375/st-louis-vandalized-cemetery-town-mulls-anti-hate-crime-resolution/,,
2/28/17 6:48,Kansas Shooting Aftermath: How Do Students in US Universities Feel,Yahoo News,Altadena,California,https://in.news.yahoo.com/kansas-shooting-aftermath-students-us-144339102.html,,
2/28/17 6:48,Clinton Calls On Trump To Speak Out Against Hate Crimes,RTT News,Washington DC,NY,http://www.rttnews.com/2749477/clinton-calls-on-trump-to-speak-out-against-hate-crimes.aspx,,
2/28/17 8:41,American who tried to stop Kansas shooting says 'happy to risk my life',The Times,,,http://tuckermantimes.com/american-who-tried-to-stop-kansas-shooting-says-happy-to-risk-my-life/116573/,,
2/28/17 8:41,"They terrorized a black child's party, then cried when a judge read their sentences",Sacramento Bee,Sacramento,CA,http://www.sacbee.com/news/nation-world/national/article135427529.html,,
2/28/17 9:48,"Shot fired through Evansville temple, FBI says likely a hate crime",WAVE 3,Louisville,KY,http://www.wave3.com/story/34625251/shot-fired-through-evansville-temple-fbi-says-likely-a-hate-crime,,
2/28/17 10:44,"New York confronts hate crimes with text reporting and $5,000 bounties",StateScoop,,,http://statescoop.com/new-york-confronts-hate-crimes-with-a-text-line-and-5-000-bounties,,
2/28/17 10:56,Indiana bill stiffening hate crime penalties fails in Senate,WSAU,Wausau,Wisconsin,http://wsau.com/news/articles/2017/feb/28/indiana-bill-stiffening-hate-crime-penalties-fails-in-senate/,,
2/28/17 11:41,Hate crime bill dies in the Legislature again,Chesterton Tribune,Chesterton,IN,http://chestertontribune.com/Indiana%20News/hate_crime_bill_dies_in_the_legi.htm,,
2/28/17 12:37,The Latest: FBI probes Kansas bar shooting as hate crime,WWSB ABC 7,Sarasota,FL,http://www.mysuncoast.com/ap/domestic/the-latest-fbi-probes-kansas-bar-shooting-as-hate-crime/article_3c3a3f59-769e-570c-849b-784e4819ae53.html,,
2/28/17 12:46,The Latest: Trump condemns Kansas bar shooting in speech,ABC News,,,http://abcnews.go.com/US/wireStory/latest-fbi-probes-kansas-bar-shooting-hate-crime-45808324,,
2/28/17 12:51,FBI investigating shootings of Indian men in Kansas as hate crime,One America News Network,,,http://www.oann.com/fbi-says-probing-shooting-of-two-indian-men-in-kansas-as-a-hate-crime/,,
2/28/17 13:23,FBI probes Kansas bar shooting as hate crime,WKYT,Lexington,KY,http://www.wkyt.com/content/news/FBI-probes-Kansas-bar-shooting-as-hate-crime-415014303.html,,
2/28/17 13:59,"White House condemns Kansas attack, calls it 'racially motivated'",WCTI12.com,New Bern,NC,http://www.wcti12.com/news/national/white-house-condemns-kansas-attack-calls-it-racially-motivated/366371745,,
2/28/17 14:18,Hate crimes spike in US,Sonoma State Star,Sonoma,CA,http://www.sonomastatestar.com/opinion/2017/2/28/hate-crimes-spike-in-us,,
2/28/17 15:42,Trump reportedly will break his silence on Kansas shooting of 2 engineers from India,News & Observer,Raleigh,NC,http://www.newsobserver.com/news/nation-world/national/article135560438.html,,
2/28/17 16:09,FBI investigating Kansas triple shooting that killed 1 as a hate crime,1340 WJOL,Will County,Illinois,http://www.wjol.com/syndicated-article?id=318898,,
2/28/17 18:30,FBI investigating Kansas bar shooting as hate crime,WDEF News 12,Chattanooga,TN,http://www.wdef.com/2017/02/28/fbi-investigating-kansas-bar-shooting-as-hate-crime/,,
2/28/17 18:37,Dealing with hate: Can America's truth and reconciliation commissions help?,NewsOK.com,Oklahoma City,OK,http://newsok.com/dealing-with-hate-can-americas-truth-and-reconciliation-commissions-help/article/feed/1176306,,
2/28/17 19:22,FBI Investigating Kansas Shooting of Indian Men as Hate Crime,Indo American News,Houston,TX,http://www.indoamerican-news.com/f-b-i-investigating-kansas-shooting-of-indian-men-as-hate-crime/,,